Workbook

Sheet Raw Material Data Revised
A1: Material | B1: PO Year | C1: Raw Steel Min ₹/kg | D1: Raw Steel Max ₹/kg | E1: Percentile Used | F1: Raw Steel Price Used ₹/kg | G1: Factor w.r.t. CS | H1: Factor w.r.t. SS304 | I1: Factor w.r.t. SS316/SS316L | J1: Revision Note
A2: Carbon Steel, C | B2: 2021 | C2: 55 | D2: 70 | E2: 0.65 | F2: =C2+(D2-C2)*E2 -> 64.75 | G2: =F2/INDEX('Revision Basis'!$B$5:$B$10,MATCH(B2,'Revision Basis'!$A$5:$A$10,0)) -> 1 | H2: =F2/INDEX('Revision Basis'!$C$5:$C$10,MATCH(B2,'Revision Basis'!$A$5:$A$10,0)) -> 0.2688172 | I2: =F2/INDEX('Revision Basis'!$D$5:$D$10,MATCH(B2,'Revision Basis'!$A$5:$A$10,0)) -> 0.22960993 | J2: No change
A3: Carbon Steel, C | B3: 2022 | C3: 54 | D3: 80 | E3: 0.65 | F3: =C3+(D3-C3)*E3 -> 70.9 | G3: =F3/INDEX('Revision Basis'!$B$5:$B$10,MATCH(B3,'Revision Basis'!$A$5:$A$10,0)) -> 1 | H3: =F3/INDEX('Revision Basis'!$C$5:$C$10,MATCH(B3,'Revision Basis'!$A$5:$A$10,0)) -> 0.26881517 | I3: =F3/INDEX('Revision Basis'!$D$5:$D$10,MATCH(B3,'Revision Basis'!$A$5:$A$10,0)) -> 0.18273196 | J3: No change
A4: Carbon Steel, C | B4: 2023 | C4: 47 | D4: 63 | E4: 0.65 | F4: =C4+(D4-C4)*E4 -> 57.4 | G4: =F4/INDEX('Revision Basis'!$B$5:$B$10,MATCH(B4,'Revision Basis'!$A$5:$A$10,0)) -> 1 | H4: =F4/INDEX('Revision Basis'!$C$5:$C$10,MATCH(B4,'Revision Basis'!$A$5:$A$10,0)) -> 0.26881469 | I4: =F4/INDEX('Revision Basis'!$D$5:$D$10,MATCH(B4,'Revision Basis'!$A$5:$A$10,0)) -> 0.15450875 | J4: No change
A5: Carbon Steel, C | B5: 2024 | C5: 47 | D5: 55 | E5: 0.65 | F5: =C5+(D5-C5)*E5 -> 52.2 | G5: =F5/INDEX('Revision Basis'!$B$5:$B$10,MATCH(B5,'Revision Basis'!$A$5:$A$10,0)) -> 1 | H5: =F5/INDEX('Revision Basis'!$C$5:$C$10,MATCH(B5,'Revision Basis'!$A$5:$A$10,0)) -> 0.26882274 | I5: =F5/INDEX('Revision Basis'!$D$5:$D$10,MATCH(B5,'Revision Basis'!$A$5:$A$10,0)) -> 0.15890411 | J5: No change
A6: Carbon Steel, C | B6: 2025 | C6: 44 | D6: 61 | E6: 0.65 | F6: =C6+(D6-C6)*E6 -> 55.05 | G6: =F6/INDEX('Revision Basis'!$B$5:$B$10,MATCH(B6,'Revision Basis'!$A$5:$A$10,0)) -> 1 | H6: =F6/INDEX('Revision Basis'!$C$5:$C$10,MATCH(B6,'Revision Basis'!$A$5:$A$10,0)) -> 0.26881195 | I6: =F6/INDEX('Revision Basis'!$D$5:$D$10,MATCH(B6,'Revision Basis'!$A$5:$A$10,0)) -> 0.16745247 | J6: No change
A7: Carbon Steel, C | B7: 2026 | C7: 50 | D7: 60 | E7: 0.65 | F7: =C7+(D7-C7)*E7 -> 56.5 | G7: =F7/INDEX('Revision Basis'!$B$5:$B$10,MATCH(B7,'Revision Basis'!$A$5:$A$10,0)) -> 1 | H7: =F7/INDEX('Revision Basis'!$C$5:$C$10,MATCH(B7,'Revision Basis'!$A$5:$A$10,0)) -> 0.2688172 | I7: =F7/INDEX('Revision Basis'!$D$5:$D$10,MATCH(B7,'Revision Basis'!$A$5:$A$10,0)) -> 0.17357911 | J7: No change
A8: Low Temp CS, C-Si | B8: 2021 | C8: 66 | D8: 84 | E8: 0.65 | F8: =C8+(D8-C8)*E8 -> 77.7 | G8: =F8/INDEX('Revision Basis'!$B$5:$B$10,MATCH(B8,'Revision Basis'!$A$5:$A$10,0)) -> 1.2 | H8: =F8/INDEX('Revision Basis'!$C$5:$C$10,MATCH(B8,'Revision Basis'!$A$5:$A$10,0)) -> 0.32258065 | I8: =F8/INDEX('Revision Basis'!$D$5:$D$10,MATCH(B8,'Revision Basis'!$A$5:$A$10,0)) -> 0.27553191 | J8: No change
A9: Low Temp CS, C-Si | B9: 2022 | C9: 64.8 | D9: 96 | E9: 0.65 | F9: =C9+(D9-C9)*E9 -> 85.08 | G9: =F9/INDEX('Revision Basis'!$B$5:$B$10,MATCH(B9,'Revision Basis'!$A$5:$A$10,0)) -> 1.2 | H9: =F9/INDEX('Revision Basis'!$C$5:$C$10,MATCH(B9,'Revision Basis'!$A$5:$A$10,0)) -> 0.3225782 | I9: =F9/INDEX('Revision Basis'!$D$5:$D$10,MATCH(B9,'Revision Basis'!$A$5:$A$10,0)) -> 0.21927835 | J9: No change
A10: Low Temp CS, C-Si | B10: 2023 | C10: 56.4 | D10: 75.6 | E10: 0.65 | F10: =C10+(D10-C10)*E10 -> 68.88 | G10: =F10/INDEX('Revision Basis'!$B$5:$B$10,MATCH(B10,'Revision Basis'!$A$5:$A$10,0)) -> 1.2 | H10: =F10/INDEX('Revision Basis'!$C$5:$C$10,MATCH(B10,'Revision Basis'!$A$5:$A$10,0)) -> 0.32257762 | I10: =F10/INDEX('Revision Basis'!$D$5:$D$10,MATCH(B10,'Revision Basis'!$A$5:$A$10,0)) -> 0.1854105 | J10: No change
A11: Low Temp CS, C-Si | B11: 2024 | C11: 56.4 | D11: 66 | E11: 0.65 | F11: =C11+(D11-C11)*E11 -> 62.64 | G11: =F11/INDEX('Revision Basis'!$B$5:$B$10,MATCH(B11,'Revision Basis'!$A$5:$A$10,0)) -> 1.2 | H11: =F11/INDEX('Revision Basis'!$C$5:$C$10,MATCH(B11,'Revision Basis'!$A$5:$A$10,0)) -> 0.32258729 | I11: =F11/INDEX('Revision Basis'!$D$5:$D$10,MATCH(B11,'Revision Basis'!$A$5:$A$10,0)) -> 0.19068493 | J11: No change
A12: Low Temp CS, C-Si | B12: 2025 | C12: 52.8 | D12: 73.2 | E12: 0.65 | F12: =C12+(D12-C12)*E12 -> 66.06 | G12: =F12/INDEX('Revision Basis'!$B$5:$B$10,MATCH(B12,'Revision Basis'!$A$5:$A$10,0)) -> 1.2 | H12: =F12/INDEX('Revision Basis'!$C$5:$C$10,MATCH(B12,'Revision Basis'!$A$5:$A$10,0)) -> 0.32257434 | I12: =F12/INDEX('Revision Basis'!$D$5:$D$10,MATCH(B12,'Revision Basis'!$A$5:$A$10,0)) -> 0.20094297 | J12: No change
A13: Low Temp CS, C-Si | B13: 2026 | C13: 60 | D13: 72 | E13: 0.65 | F13: =C13+(D13-C13)*E13 -> 67.8 | G13: =F13/INDEX('Revision Basis'!$B$5:$B$10,MATCH(B13,'Revision Basis'!$A$5:$A$10,0)) -> 1.2 | H13: =F13/INDEX('Revision Basis'!$C$5:$C$10,MATCH(B13,'Revision Basis'!$A$5:$A$10,0)) -> 0.32258065 | I13: =F13/INDEX('Revision Basis'!$D$5:$D$10,MATCH(B13,'Revision Basis'!$A$5:$A$10,0)) -> 0.20829493 | J13: No change
... A253: Aluminium | B253: 2026 | C253: 336.5 | D253: 403.8 | E253: 0.65 | F253: =C253+(D253-C253)*E253 -> 380.245 | G253: =F253/INDEX('Revision Basis'!$B$5:$B$10,MATCH(B253,'Revision Basis'!$A$5:$A$10,0)) -> 6.73 | H253: =F253/INDEX('Revision Basis'!$C$5:$C$10,MATCH(B253,'Revision Basis'!$A$5:$A$10,0)) -> 1.8091398 | I253: =F253/INDEX('Revision Basis'!$D$5:$D$10,MATCH(B253,'Revision Basis'!$A$5:$A$10,0)) -> 1.1681874 | J253: No change

Sheet Revision Basis
A1: Revision Basis for Raw Material Price Table
A2: Prepared on | B2: 2026-06-26
A4: PO Year | B4: CS Price Used ₹/kg | C4: SS304 Price Used ₹/kg | D4: SS316/SS316L Price Used ₹/kg | E4: SS317 Revised Price Used ₹/kg | F4: SS317 / SS316L
A5: 2021 | B5: 64.75 | C5: 240.87 | D5: 282 | E5: 327.94 | F5: 1.16
A6: 2022 | B6: 70.9 | C6: 263.75 | D6: 388 | E6: 451.5 | F6: 1.16
A7: 2023 | B7: 57.4 | C7: 213.53 | D7: 371.5 | E7: 432.15 | F7: 1.16
A8: 2024 | B8: 52.2 | C8: 194.18 | D8: 328.5 | E8: 381.91 | F8: 1.16
A9: 2025 | B9: 55.05 | C9: 204.79 | D9: 328.75 | E9: 381.76 | F9: 1.16
A10: 2026 | B10: 56.5 | C10: 210.18 | D10: 325.5 | E10: 377.86 | F10: 1.16
A12: Key revision decisions
A13: 1 | B13: Carbon Steel rows retained as base anchor.
A14: 2 | B14: SS304 / 304L rows retained. 2026 value ₹210.18/kg is aligned with current market checks for SS304 around ₹180 to ₹220/kg.
A15: 3 | B15: SS316L rows retained. 2026 value ₹325.50/kg is aligned with current market checks for SS316 around ₹280 to ₹350/kg.
A16: 4 | B16: SS316 rows added for web-app lookup and treated equal to SS316L for estimator purpose.
A17: 5 | B17: SS317 rows revised downward. Old 2026 value was ₹600.03/kg; revised 2026 value is ₹377.86/kg, about 1.16× SS316L.
A19: Revision rule for SS317 | B19: Min = 1.07 × SS316L Min; Max = 1.20 × SS316L Max; Price Used = Min + (Max-Min) × Percentile.
A21: Source / market reference | B21: URL | C21: Use in model
A22: OfBusiness stainless price page | B22: https://www.ofbusiness.com/prices/stainless-steel | C22: Reference for SS304 and SS316 India price bands.
A23: Procurement Resource stainless steel plate trend | B23: https://www.procurementresource.com/resource-center/stainless-steel-plate-price-trends | C23: Cross-check that stainless plate market remained firm in 2026.
A24: Gnee Steel 304 and 316/316L sheet price note | B24: https://www.stainless-steels.com/news/ss-316-sheet-price-per-kg-latest-85506898.html | C24: Cross-check relative premium of 316/316L over 304 due to molybdenum.
A25: Metallica / Steel Pipes Factory SS317L reference | B25: https://www.steelpipesfactory.com/stainless-steel-317l-seamless-pipes-price-list-in-india/ | C25: Used only as finished-pipe sanity check. Raw/semi-finished estimator value should be lower than finished pipe price.
